rok,obec,scenar_id,scenar_nazev,pocet_domacnosti,spotreba_MWh_rok,podil_vhodnych_strech_procent,instalovany_vykon_kWp,baterie_kapacita_kWh,vodik_ano_ne,sobestacnost_procent,riziko_nestability_0_100,uspora_kc_domacnost_rok,co2_uspory_t_rok
2015,Most,historicky,Historická data,28000,95000.0,38.5,196.5,0.0,0,2,5,4.0,86.7
2016,Most,historicky,Historická data,28000,94240.0,39.2,222.3,0.0,0,2,5,4.0,98.0
2017,Most,historicky,Historická data,28000,93480.0,39.5,242.4,0.0,0,2,5,4.0,106.9
2018,Most,historicky,Historická data,28000,92720.0,40.0,276.4,0.0,0,2,5,4.0,121.9
2019,Most,historicky,Historická data,28000,91960.0,40.6,320.2,0.0,0,2,5,4.0,141.2
2020,Most,historicky,Historická data,28000,91200.0,41.2,370.4,0.0,0,2,5,4.0,163.3
2021,Most,historicky,Historická data,28000,90440.0,41.5,408.9,0.0,0,2,5,4.0,180.3
2022,Most,historicky,Historická data,28000,89680.0,42.2,475.0,0.0,0,2,5,4.0,209.5
2023,Most,historicky,Historická data,28000,88920.0,42.6,545.5,0.0,1,12.2,5,24.0,240.6
2024,Most,historicky,Historická data,28000,88160.0,43.4,642.6,0.0,1,12.2,5,24.0,283.4
2025,Most,historicky,Historická data,28000,87400.0,43.8,727.0,40.0,1,12.5,5,24.0,320.6
2015,Litomerice,historicky,Historická data,11000,35000.0,52.5,48.7,0.0,0,2,5,4.0,21.5
2016,Litomerice,historicky,Historická data,11000,34720.0,52.9,54.2,0.0,0,2,5,4.0,23.9
2017,Litomerice,historicky,Historická data,11000,34440.0,53.2,60.3,0.0,0,2,5,4.0,26.6
2018,Litomerice,historicky,Historická data,11000,34160.0,53.7,70.8,0.0,0,2,5,4.0,31.2
2019,Litomerice,historicky,Historická data,11000,33880.0,54.2,82.2,51.0,0,2,5,4.0,36.3
2020,Litomerice,historicky,Historická data,11000,33600.0,54.8,91.5,51.0,0,2,5,4.0,40.4
2021,Litomerice,historicky,Historická data,11000,33320.0,55.6,99.5,83.0,0,2,5,4.0,43.9
2022,Litomerice,historicky,Historická data,11000,33040.0,56.3,107.9,83.0,0,2,5,4.0,47.6
2023,Litomerice,historicky,Historická data,11000,32760.0,56.6,121.4,83.0,0,2,5,4.0,53.5
2024,Litomerice,historicky,Historická data,11000,32480.0,56.9,139.7,83.0,0,2,5,4.0,61.6
2025,Litomerice,historicky,Historická data,11000,32200.0,57.4,158.3,83.0,0,2,5,4.0,69.8
2015,Zatec,historicky,Historická data,7000,22000.0,57.5,27.4,0.0,0,2,5,4.0,12.1
2016,Zatec,historicky,Historická data,7000,21824.0,58.0,31.2,0.0,0,2,5,4.0,13.8
2017,Zatec,historicky,Historická data,7000,21648.0,58.6,34.0,0.0,0,2,5,4.0,15.0
2018,Zatec,historicky,Historická data,7000,21472.0,59.1,38.6,0.0,0,2,5,4.0,17.0
2019,Zatec,historicky,Historická data,7000,21296.0,59.6,42.5,36.0,0,2,5,4.0,18.7
2020,Zatec,historicky,Historická data,7000,21120.0,59.9,46.3,113.0,0,2,5,4.0,20.4
2021,Zatec,historicky,Historická data,7000,20944.0,60.5,53.2,113.0,0,2,5,4.0,23.5
2022,Zatec,historicky,Historická data,7000,20768.0,61.0,58.4,113.0,0,2,5,4.0,25.8
2023,Zatec,historicky,Historická data,7000,20592.0,61.4,64.7,113.0,0,2,5,4.0,28.5
2024,Zatec,historicky,Historická data,7000,20416.0,61.8,71.9,137.0,0,2,5,4.0,31.7
2025,Zatec,historicky,Historická data,7000,20240.0,62.2,84.1,137.0,0,2,5,4.0,37.1
2015,Bilina,historicky,Historická data,5500,17000.0,49.3,21.6,0.0,0,2,5,4.0,9.5
2016,Bilina,historicky,Historická data,5500,16864.0,49.6,23.4,0.0,0,2,5,4.0,10.3
2017,Bilina,historicky,Historická data,5500,16728.0,50.1,26.9,0.0,0,2,5,4.0,11.9
2018,Bilina,historicky,Historická data,5500,16592.0,50.5,31.6,0.0,0,2,5,4.0,13.9
2019,Bilina,historicky,Historická data,5500,16456.0,51.1,36.6,0.0,0,2,5,4.0,16.1
2020,Bilina,historicky,Historická data,5500,16320.0,51.5,41.8,0.0,0,2,5,4.0,18.4
2021,Bilina,historicky,Historická data,5500,16184.0,52.3,46.0,0.0,0,2,5,4.0,20.3
2022,Bilina,historicky,Historická data,5500,16048.0,53.0,53.7,0.0,0,2,5,4.0,23.7
2023,Bilina,historicky,Historická data,5500,15912.0,53.4,61.7,0.0,0,2,5,4.0,27.2
2024,Bilina,historicky,Historická data,5500,15776.0,53.9,72.5,64.0,0,2,5,4.0,32.0
2025,Bilina,historicky,Historická data,5500,15640.0,54.3,78.5,64.0,0,2,5,4.0,34.6
2015,Vejprty,historicky,Historická data,2200,6800.0,58.4,8.8,0.0,0,2,5,4.0,3.9
2016,Vejprty,historicky,Historická data,2200,6746.0,58.9,10.1,0.0,0,2,5,4.0,4.5
2017,Vejprty,historicky,Historická data,2200,6691.0,59.6,11.4,0.0,0,2,5,4.0,5.0
2018,Vejprty,historicky,Historická data,2200,6637.0,59.9,13.0,0.0,0,2,5,4.0,5.7
2019,Vejprty,historicky,Historická data,2200,6582.0,60.7,14.9,74.0,0,2,5,4.0,6.6
2020,Vejprty,historicky,Historická data,2200,6528.0,61.3,17.3,74.0,0,2,5,4.0,7.6
2021,Vejprty,historicky,Historická data,2200,6474.0,61.6,20.1,74.0,0,2,5,4.0,8.9
2022,Vejprty,historicky,Historická data,2200,6419.0,61.9,22.5,74.0,0,2,5,4.0,9.9
2023,Vejprty,historicky,Historická data,2200,6365.0,62.1,26.0,74.0,0,2,5,4.0,11.5
2024,Vejprty,historicky,Historická data,2200,6310.0,62.6,28.6,74.0,0,2,5,4.0,12.6
2025,Vejprty,historicky,Historická data,2200,6256.0,63.0,32.5,74.0,0,2,5,4.0,14.3
2015,Dolni_Jiretin,historicky,Historická data,1800,5500.0,43.6,6.5,0.0,0,2,5,4.0,2.9
2016,Dolni_Jiretin,historicky,Historická data,1800,5456.0,44.0,7.5,0.0,0,2,5,4.0,3.3
2017,Dolni_Jiretin,historicky,Historická data,1800,5412.0,44.8,8.6,0.0,0,2,5,4.0,3.8
2018,Dolni_Jiretin,historicky,Historická data,1800,5368.0,45.5,10.1,0.0,0,2,5,4.0,4.5
2019,Dolni_Jiretin,historicky,Historická data,1800,5324.0,46.0,11.9,0.0,0,2,5,4.0,5.2
2020,Dolni_Jiretin,historicky,Historická data,1800,5280.0,46.8,13.1,40.0,0,2,5,4.0,5.8
2021,Dolni_Jiretin,historicky,Historická data,1800,5236.0,47.2,15.1,94.0,0,2,5,4.0,6.7
2022,Dolni_Jiretin,historicky,Historická data,1800,5192.0,47.6,16.8,94.0,0,2,5,4.0,7.4
2023,Dolni_Jiretin,historicky,Historická data,1800,5148.0,48.0,19.5,94.0,0,2,5,4.0,8.6
2024,Dolni_Jiretin,historicky,Historická data,1800,5104.0,48.4,21.1,121.0,0,2,5,4.0,9.3
2025,Dolni_Jiretin,historicky,Historická data,1800,5060.0,49.0,22.8,168.0,1,13.5,5,23.0,10.1
2026,Most,S00,Baseline – bez zásahu,450,1432.8,43.4,185.0,0.0,0,,,,
2027,Most,S00,Baseline – bez zásahu,450,1425.6,43.4,185.0,0.0,0,,,,
2028,Most,S00,Baseline – bez zásahu,450,1418.4,43.4,185.0,0.0,0,,,,
2029,Most,S00,Baseline – bez zásahu,450,1411.2,43.4,185.0,0.0,0,,,,
2030,Most,S00,Baseline – bez zásahu,450,1404.0,43.4,185.0,0.0,0,,,,
2031,Most,S00,Baseline – bez zásahu,450,1396.8,43.4,185.0,0.0,0,,,,
2032,Most,S00,Baseline – bez zásahu,450,1389.6,43.4,185.0,0.0,0,,,,
2033,Most,S00,Baseline – bez zásahu,450,1382.4,43.4,185.0,0.0,0,,,,
2034,Most,S00,Baseline – bez zásahu,450,1375.2,43.4,185.0,0.0,0,,,,
2035,Most,S00,Baseline – bez zásahu,450,1368.0,43.4,185.0,0.0,0,,,,
2026,Litomerice,S00,Baseline – bez zásahu,280,835.8,55.2,98.0,0.0,0,,,,
2027,Litomerice,S00,Baseline – bez zásahu,280,831.6,55.2,98.0,0.0,0,,,,
2028,Litomerice,S00,Baseline – bez zásahu,280,827.4,55.2,98.0,0.0,0,,,,
2029,Litomerice,S00,Baseline – bez zásahu,280,823.2,55.2,98.0,0.0,0,,,,
2030,Litomerice,S00,Baseline – bez zásahu,280,819.0,55.2,98.0,0.0,0,,,,
2031,Litomerice,S00,Baseline – bez zásahu,280,814.8,55.2,98.0,0.0,0,,,,
2032,Litomerice,S00,Baseline – bez zásahu,280,810.6,55.2,98.0,0.0,0,,,,
2033,Litomerice,S00,Baseline – bez zásahu,280,806.4,55.2,98.0,0.0,0,,,,
2034,Litomerice,S00,Baseline – bez zásahu,280,802.2,55.2,98.0,0.0,0,,,,
2035,Litomerice,S00,Baseline – bez zásahu,280,798.0,55.2,98.0,0.0,0,,,,
2026,Zatec,S00,Baseline – bez zásahu,200,597.0,57.8,72.0,0.0,0,,,,
2027,Zatec,S00,Baseline – bez zásahu,200,594.0,57.8,72.0,0.0,0,,,,
2028,Zatec,S00,Baseline – bez zásahu,200,591.0,57.8,72.0,0.0,0,,,,
2029,Zatec,S00,Baseline – bez zásahu,200,588.0,57.8,72.0,0.0,0,,,,
2030,Zatec,S00,Baseline – bez zásahu,200,585.0,57.8,72.0,0.0,0,,,,
2031,Zatec,S00,Baseline – bez zásahu,200,582.0,57.8,72.0,0.0,0,,,,
2032,Zatec,S00,Baseline – bez zásahu,200,579.0,57.8,72.0,0.0,0,,,,
2033,Zatec,S00,Baseline – bez zásahu,200,576.0,57.8,72.0,0.0,0,,,,
2034,Zatec,S00,Baseline – bez zásahu,200,573.0,57.8,72.0,0.0,0,,,,
2035,Zatec,S00,Baseline – bez zásahu,200,570.0,57.8,72.0,0.0,0,,,,
2026,Bilina,S00,Baseline – bez zásahu,150,447.8,49.8,55.0,0.0,0,,,,
2027,Bilina,S00,Baseline – bez zásahu,150,445.5,49.8,55.0,0.0,0,,,,
2028,Bilina,S00,Baseline – bez zásahu,150,443.2,49.8,55.0,0.0,0,,,,
2029,Bilina,S00,Baseline – bez zásahu,150,441.0,49.8,55.0,0.0,0,,,,
2030,Bilina,S00,Baseline – bez zásahu,150,438.8,49.8,55.0,0.0,0,,,,
2031,Bilina,S00,Baseline – bez zásahu,150,436.5,49.8,55.0,0.0,0,,,,
2032,Bilina,S00,Baseline – bez zásahu,150,434.2,49.8,55.0,0.0,0,,,,
2033,Bilina,S00,Baseline – bez zásahu,150,432.0,49.8,55.0,0.0,0,,,,
2034,Bilina,S00,Baseline – bez zásahu,150,429.8,49.8,55.0,0.0,0,,,,
2035,Bilina,S00,Baseline – bez zásahu,150,427.5,49.8,55.0,0.0,0,,,,
2026,Vejprty,S00,Baseline – bez zásahu,80,238.8,58.8,32.0,0.0,0,,,,
2027,Vejprty,S00,Baseline – bez zásahu,80,237.6,58.8,32.0,0.0,0,,,,
2028,Vejprty,S00,Baseline – bez zásahu,80,236.4,58.8,32.0,0.0,0,,,,
2029,Vejprty,S00,Baseline – bez zásahu,80,235.2,58.8,32.0,0.0,0,,,,
2030,Vejprty,S00,Baseline – bez zásahu,80,234.0,58.8,32.0,0.0,0,,,,
2031,Vejprty,S00,Baseline – bez zásahu,80,232.8,58.8,32.0,0.0,0,,,,
2032,Vejprty,S00,Baseline – bez zásahu,80,231.6,58.8,32.0,0.0,0,,,,
2033,Vejprty,S00,Baseline – bez zásahu,80,230.4,58.8,32.0,0.0,0,,,,
2034,Vejprty,S00,Baseline – bez zásahu,80,229.2,58.8,32.0,0.0,0,,,,
2035,Vejprty,S00,Baseline – bez zásahu,80,228.0,58.8,32.0,0.0,0,,,,
2026,Dolni_Jiretin,S00,Baseline – bez zásahu,60,179.1,43.8,22.0,0.0,0,,,,
2027,Dolni_Jiretin,S00,Baseline – bez zásahu,60,178.2,43.8,22.0,0.0,0,,,,
2028,Dolni_Jiretin,S00,Baseline – bez zásahu,60,177.3,43.8,22.0,0.0,0,,,,
2029,Dolni_Jiretin,S00,Baseline – bez zásahu,60,176.4,43.8,22.0,0.0,0,,,,
2030,Dolni_Jiretin,S00,Baseline – bez zásahu,60,175.5,43.8,22.0,0.0,0,,,,
2031,Dolni_Jiretin,S00,Baseline – bez zásahu,60,174.6,43.8,22.0,0.0,0,,,,
2032,Dolni_Jiretin,S00,Baseline – bez zásahu,60,173.7,43.8,22.0,0.0,0,,,,
2033,Dolni_Jiretin,S00,Baseline – bez zásahu,60,172.8,43.8,22.0,0.0,0,,,,
2034,Dolni_Jiretin,S00,Baseline – bez zásahu,60,171.9,43.8,22.0,0.0,0,,,,
2035,Dolni_Jiretin,S00,Baseline – bez zásahu,60,171.0,43.8,22.0,0.0,0,,,,
2026,Most,S01,Malá FVE na úřadu,450,1432.8,43.4,235.0,0.0,0,,,,
2027,Most,S01,Malá FVE na úřadu,450,1425.6,43.4,235.0,0.0,0,,,,
2028,Most,S01,Malá FVE na úřadu,450,1418.4,43.4,235.0,0.0,0,,,,
2029,Most,S01,Malá FVE na úřadu,450,1411.2,43.4,235.0,0.0,0,,,,
2030,Most,S01,Malá FVE na úřadu,450,1404.0,43.4,235.0,0.0,0,,,,
2031,Most,S01,Malá FVE na úřadu,450,1396.8,43.4,235.0,0.0,0,,,,
2032,Most,S01,Malá FVE na úřadu,450,1389.6,43.4,235.0,0.0,0,,,,
2033,Most,S01,Malá FVE na úřadu,450,1382.4,43.4,235.0,0.0,0,,,,
2034,Most,S01,Malá FVE na úřadu,450,1375.2,43.4,235.0,0.0,0,,,,
2035,Most,S01,Malá FVE na úřadu,450,1368.0,43.4,235.0,0.0,0,,,,
2026,Litomerice,S01,Malá FVE na úřadu,280,835.8,55.2,148.0,0.0,0,,,,
2027,Litomerice,S01,Malá FVE na úřadu,280,831.6,55.2,148.0,0.0,0,,,,
2028,Litomerice,S01,Malá FVE na úřadu,280,827.4,55.2,148.0,0.0,0,,,,
2029,Litomerice,S01,Malá FVE na úřadu,280,823.2,55.2,148.0,0.0,0,,,,
2030,Litomerice,S01,Malá FVE na úřadu,280,819.0,55.2,148.0,0.0,0,,,,
2031,Litomerice,S01,Malá FVE na úřadu,280,814.8,55.2,148.0,0.0,0,,,,
2032,Litomerice,S01,Malá FVE na úřadu,280,810.6,55.2,148.0,0.0,0,,,,
2033,Litomerice,S01,Malá FVE na úřadu,280,806.4,55.2,148.0,0.0,0,,,,
2034,Litomerice,S01,Malá FVE na úřadu,280,802.2,55.2,148.0,0.0,0,,,,
2035,Litomerice,S01,Malá FVE na úřadu,280,798.0,55.2,148.0,0.0,0,,,,
2026,Zatec,S01,Malá FVE na úřadu,200,597.0,57.8,122.0,0.0,0,,,,
2027,Zatec,S01,Malá FVE na úřadu,200,594.0,57.8,122.0,0.0,0,,,,
2028,Zatec,S01,Malá FVE na úřadu,200,591.0,57.8,122.0,0.0,0,,,,
2029,Zatec,S01,Malá FVE na úřadu,200,588.0,57.8,122.0,0.0,0,,,,
2030,Zatec,S01,Malá FVE na úřadu,200,585.0,57.8,122.0,0.0,0,,,,
2031,Zatec,S01,Malá FVE na úřadu,200,582.0,57.8,122.0,0.0,0,,,,
2032,Zatec,S01,Malá FVE na úřadu,200,579.0,57.8,122.0,0.0,0,,,,
2033,Zatec,S01,Malá FVE na úřadu,200,576.0,57.8,122.0,0.0,0,,,,
2034,Zatec,S01,Malá FVE na úřadu,200,573.0,57.8,122.0,0.0,0,,,,
2035,Zatec,S01,Malá FVE na úřadu,200,570.0,57.8,122.0,0.0,0,,,,
2026,Bilina,S01,Malá FVE na úřadu,150,447.8,49.8,105.0,0.0,0,,,,
2027,Bilina,S01,Malá FVE na úřadu,150,445.5,49.8,105.0,0.0,0,,,,
2028,Bilina,S01,Malá FVE na úřadu,150,443.2,49.8,105.0,0.0,0,,,,
2029,Bilina,S01,Malá FVE na úřadu,150,441.0,49.8,105.0,0.0,0,,,,
2030,Bilina,S01,Malá FVE na úřadu,150,438.8,49.8,105.0,0.0,0,,,,
2031,Bilina,S01,Malá FVE na úřadu,150,436.5,49.8,105.0,0.0,0,,,,
2032,Bilina,S01,Malá FVE na úřadu,150,434.2,49.8,105.0,0.0,0,,,,
2033,Bilina,S01,Malá FVE na úřadu,150,432.0,49.8,105.0,0.0,0,,,,
2034,Bilina,S01,Malá FVE na úřadu,150,429.8,49.8,105.0,0.0,0,,,,
2035,Bilina,S01,Malá FVE na úřadu,150,427.5,49.8,105.0,0.0,0,,,,
2026,Vejprty,S01,Malá FVE na úřadu,80,238.8,58.8,82.0,0.0,0,,,,
2027,Vejprty,S01,Malá FVE na úřadu,80,237.6,58.8,82.0,0.0,0,,,,
2028,Vejprty,S01,Malá FVE na úřadu,80,236.4,58.8,82.0,0.0,0,,,,
2029,Vejprty,S01,Malá FVE na úřadu,80,235.2,58.8,82.0,0.0,0,,,,
2030,Vejprty,S01,Malá FVE na úřadu,80,234.0,58.8,82.0,0.0,0,,,,
2031,Vejprty,S01,Malá FVE na úřadu,80,232.8,58.8,82.0,0.0,0,,,,
2032,Vejprty,S01,Malá FVE na úřadu,80,231.6,58.8,82.0,0.0,0,,,,
2033,Vejprty,S01,Malá FVE na úřadu,80,230.4,58.8,82.0,0.0,0,,,,
2034,Vejprty,S01,Malá FVE na úřadu,80,229.2,58.8,82.0,0.0,0,,,,
2035,Vejprty,S01,Malá FVE na úřadu,80,228.0,58.8,82.0,0.0,0,,,,
2026,Dolni_Jiretin,S01,Malá FVE na úřadu,60,179.1,43.8,72.0,0.0,0,,,,
2027,Dolni_Jiretin,S01,Malá FVE na úřadu,60,178.2,43.8,72.0,0.0,0,,,,
2028,Dolni_Jiretin,S01,Malá FVE na úřadu,60,177.3,43.8,72.0,0.0,0,,,,
2029,Dolni_Jiretin,S01,Malá FVE na úřadu,60,176.4,43.8,72.0,0.0,0,,,,
2030,Dolni_Jiretin,S01,Malá FVE na úřadu,60,175.5,43.8,72.0,0.0,0,,,,
2031,Dolni_Jiretin,S01,Malá FVE na úřadu,60,174.6,43.8,72.0,0.0,0,,,,
2032,Dolni_Jiretin,S01,Malá FVE na úřadu,60,173.7,43.8,72.0,0.0,0,,,,
2033,Dolni_Jiretin,S01,Malá FVE na úřadu,60,172.8,43.8,72.0,0.0,0,,,,
2034,Dolni_Jiretin,S01,Malá FVE na úřadu,60,171.9,43.8,72.0,0.0,0,,,,
2035,Dolni_Jiretin,S01,Malá FVE na úřadu,60,171.0,43.8,72.0,0.0,0,,,,
2026,Most,S02,FVE + komunitní baterie,450,1432.8,44.1,285.0,250.0,0,,,,
2027,Most,S02,FVE + komunitní baterie,450,1425.6,44.9,385.0,500.0,0,,,,
2028,Most,S02,FVE + komunitní baterie,450,1418.4,44.9,385.0,500.0,0,,,,
2029,Most,S02,FVE + komunitní baterie,450,1411.2,44.9,385.0,500.0,0,,,,
2030,Most,S02,FVE + komunitní baterie,450,1404.0,44.9,385.0,500.0,0,,,,
2031,Most,S02,FVE + komunitní baterie,450,1396.8,44.9,385.0,500.0,0,,,,
2032,Most,S02,FVE + komunitní baterie,450,1389.6,44.9,385.0,500.0,0,,,,
2033,Most,S02,FVE + komunitní baterie,450,1382.4,44.9,385.0,500.0,0,,,,
2034,Most,S02,FVE + komunitní baterie,450,1375.2,44.9,385.0,500.0,0,,,,
2035,Most,S02,FVE + komunitní baterie,450,1368.0,44.9,385.0,500.0,0,,,,
2026,Litomerice,S02,FVE + komunitní baterie,280,835.8,56.0,198.0,250.0,0,,,,
2027,Litomerice,S02,FVE + komunitní baterie,280,831.6,56.7,298.0,500.0,0,,,,
2028,Litomerice,S02,FVE + komunitní baterie,280,827.4,56.7,298.0,500.0,0,,,,
2029,Litomerice,S02,FVE + komunitní baterie,280,823.2,56.7,298.0,500.0,0,,,,
2030,Litomerice,S02,FVE + komunitní baterie,280,819.0,56.7,298.0,500.0,0,,,,
2031,Litomerice,S02,FVE + komunitní baterie,280,814.8,56.7,298.0,500.0,0,,,,
2032,Litomerice,S02,FVE + komunitní baterie,280,810.6,56.7,298.0,500.0,0,,,,
2033,Litomerice,S02,FVE + komunitní baterie,280,806.4,56.7,298.0,500.0,0,,,,
2034,Litomerice,S02,FVE + komunitní baterie,280,802.2,56.7,298.0,500.0,0,,,,
2035,Litomerice,S02,FVE + komunitní baterie,280,798.0,56.7,298.0,500.0,0,,,,
2026,Zatec,S02,FVE + komunitní baterie,200,597.0,58.5,172.0,250.0,0,,,,
2027,Zatec,S02,FVE + komunitní baterie,200,594.0,59.3,272.0,500.0,0,,,,
2028,Zatec,S02,FVE + komunitní baterie,200,591.0,59.3,272.0,500.0,0,,,,
2029,Zatec,S02,FVE + komunitní baterie,200,588.0,59.3,272.0,500.0,0,,,,
2030,Zatec,S02,FVE + komunitní baterie,200,585.0,59.3,272.0,500.0,0,,,,
2031,Zatec,S02,FVE + komunitní baterie,200,582.0,59.3,272.0,500.0,0,,,,
2032,Zatec,S02,FVE + komunitní baterie,200,579.0,59.3,272.0,500.0,0,,,,
2033,Zatec,S02,FVE + komunitní baterie,200,576.0,59.3,272.0,500.0,0,,,,
2034,Zatec,S02,FVE + komunitní baterie,200,573.0,59.3,272.0,500.0,0,,,,
2035,Zatec,S02,FVE + komunitní baterie,200,570.0,59.3,272.0,500.0,0,,,,
2026,Bilina,S02,FVE + komunitní baterie,150,447.8,50.5,155.0,250.0,0,,,,
2027,Bilina,S02,FVE + komunitní baterie,150,445.5,51.3,255.0,500.0,0,,,,
2028,Bilina,S02,FVE + komunitní baterie,150,443.2,51.3,255.0,500.0,0,,,,
2029,Bilina,S02,FVE + komunitní baterie,150,441.0,51.3,255.0,500.0,0,,,,
2030,Bilina,S02,FVE + komunitní baterie,150,438.8,51.3,255.0,500.0,0,,,,
2031,Bilina,S02,FVE + komunitní baterie,150,436.5,51.3,255.0,500.0,0,,,,
2032,Bilina,S02,FVE + komunitní baterie,150,434.2,51.3,255.0,500.0,0,,,,
2033,Bilina,S02,FVE + komunitní baterie,150,432.0,51.3,255.0,500.0,0,,,,
2034,Bilina,S02,FVE + komunitní baterie,150,429.8,51.3,255.0,500.0,0,,,,
2035,Bilina,S02,FVE + komunitní baterie,150,427.5,51.3,255.0,500.0,0,,,,
2026,Vejprty,S02,FVE + komunitní baterie,80,238.8,59.5,132.0,250.0,0,,,,
2027,Vejprty,S02,FVE + komunitní baterie,80,237.6,60.3,232.0,500.0,0,,,,
2028,Vejprty,S02,FVE + komunitní baterie,80,236.4,60.3,232.0,500.0,0,,,,
2029,Vejprty,S02,FVE + komunitní baterie,80,235.2,60.3,232.0,500.0,0,,,,
2030,Vejprty,S02,FVE + komunitní baterie,80,234.0,60.3,232.0,500.0,0,,,,
2031,Vejprty,S02,FVE + komunitní baterie,80,232.8,60.3,232.0,500.0,0,,,,
2032,Vejprty,S02,FVE + komunitní baterie,80,231.6,60.3,232.0,500.0,0,,,,
2033,Vejprty,S02,FVE + komunitní baterie,80,230.4,60.3,232.0,500.0,0,,,,
2034,Vejprty,S02,FVE + komunitní baterie,80,229.2,60.3,232.0,500.0,0,,,,
2035,Vejprty,S02,FVE + komunitní baterie,80,228.0,60.3,232.0,500.0,0,,,,
2026,Dolni_Jiretin,S02,FVE + komunitní baterie,60,179.1,44.5,122.0,250.0,0,,,,
2027,Dolni_Jiretin,S02,FVE + komunitní baterie,60,178.2,45.3,222.0,500.0,0,,,,
2028,Dolni_Jiretin,S02,FVE + komunitní baterie,60,177.3,45.3,222.0,500.0,0,,,,
2029,Dolni_Jiretin,S02,FVE + komunitní baterie,60,176.4,45.3,222.0,500.0,0,,,,
2030,Dolni_Jiretin,S02,FVE + komunitní baterie,60,175.5,45.3,222.0,500.0,0,,,,
2031,Dolni_Jiretin,S02,FVE + komunitní baterie,60,174.6,45.3,222.0,500.0,0,,,,
2032,Dolni_Jiretin,S02,FVE + komunitní baterie,60,173.7,45.3,222.0,500.0,0,,,,
2033,Dolni_Jiretin,S02,FVE + komunitní baterie,60,172.8,45.3,222.0,500.0,0,,,,
2034,Dolni_Jiretin,S02,FVE + komunitní baterie,60,171.9,45.3,222.0,500.0,0,,,,
2035,Dolni_Jiretin,S02,FVE + komunitní baterie,60,171.0,45.3,222.0,500.0,0,,,,
2026,Most,S03,Úspory bez výroby,450,1278.6,43.4,185.0,25.0,0,,,,
2027,Most,S03,Úspory bez výroby,450,1272.2,43.4,185.0,50.0,0,,,,
2028,Most,S03,Úspory bez výroby,450,1265.8,43.4,185.0,50.0,0,,,,
2029,Most,S03,Úspory bez výroby,450,1259.4,43.4,185.0,50.0,0,,,,
2030,Most,S03,Úspory bez výroby,450,1252.9,43.4,185.0,50.0,0,,,,
2031,Most,S03,Úspory bez výroby,450,1246.5,43.4,185.0,50.0,0,,,,
2032,Most,S03,Úspory bez výroby,450,1240.1,43.4,185.0,50.0,0,,,,
2033,Most,S03,Úspory bez výroby,450,1233.7,43.4,185.0,50.0,0,,,,
2034,Most,S03,Úspory bez výroby,450,1227.2,43.4,185.0,50.0,0,,,,
2035,Most,S03,Úspory bez výroby,450,1220.8,43.4,185.0,50.0,0,,,,
2026,Litomerice,S03,Úspory bez výroby,280,745.9,55.2,98.0,25.0,0,,,,
2027,Litomerice,S03,Úspory bez výroby,280,742.1,55.2,98.0,50.0,0,,,,
2028,Litomerice,S03,Úspory bez výroby,280,738.4,55.2,98.0,50.0,0,,,,
2029,Litomerice,S03,Úspory bez výroby,280,734.6,55.2,98.0,50.0,0,,,,
2030,Litomerice,S03,Úspory bez výroby,280,730.9,55.2,98.0,50.0,0,,,,
2031,Litomerice,S03,Úspory bez výroby,280,727.1,55.2,98.0,50.0,0,,,,
2032,Litomerice,S03,Úspory bez výroby,280,723.4,55.2,98.0,50.0,0,,,,
2033,Litomerice,S03,Úspory bez výroby,280,719.6,55.2,98.0,50.0,0,,,,
2034,Litomerice,S03,Úspory bez výroby,280,715.9,55.2,98.0,50.0,0,,,,
2035,Litomerice,S03,Úspory bez výroby,280,712.1,55.2,98.0,50.0,0,,,,
2026,Zatec,S03,Úspory bez výroby,200,532.8,57.8,72.0,25.0,0,,,,
2027,Zatec,S03,Úspory bez výroby,200,530.1,57.8,72.0,50.0,0,,,,
2028,Zatec,S03,Úspory bez výroby,200,527.4,57.8,72.0,50.0,0,,,,
2029,Zatec,S03,Úspory bez výroby,200,524.7,57.8,72.0,50.0,0,,,,
2030,Zatec,S03,Úspory bez výroby,200,522.1,57.8,72.0,50.0,0,,,,
2031,Zatec,S03,Úspory bez výroby,200,519.4,57.8,72.0,50.0,0,,,,
2032,Zatec,S03,Úspory bez výroby,200,516.7,57.8,72.0,50.0,0,,,,
2033,Zatec,S03,Úspory bez výroby,200,514.0,57.8,72.0,50.0,0,,,,
2034,Zatec,S03,Úspory bez výroby,200,511.3,57.8,72.0,50.0,0,,,,
2035,Zatec,S03,Úspory bez výroby,200,508.7,57.8,72.0,50.0,0,,,,
2026,Bilina,S03,Úspory bez výroby,150,399.6,49.8,55.0,25.0,0,,,,
2027,Bilina,S03,Úspory bez výroby,150,397.6,49.8,55.0,50.0,0,,,,
2028,Bilina,S03,Úspory bez výroby,150,395.6,49.8,55.0,50.0,0,,,,
2029,Bilina,S03,Úspory bez výroby,150,393.5,49.8,55.0,50.0,0,,,,
2030,Bilina,S03,Úspory bez výroby,150,391.5,49.8,55.0,50.0,0,,,,
2031,Bilina,S03,Úspory bez výroby,150,389.5,49.8,55.0,50.0,0,,,,
2032,Bilina,S03,Úspory bez výroby,150,387.5,49.8,55.0,50.0,0,,,,
2033,Bilina,S03,Úspory bez výroby,150,385.5,49.8,55.0,50.0,0,,,,
2034,Bilina,S03,Úspory bez výroby,150,383.5,49.8,55.0,50.0,0,,,,
2035,Bilina,S03,Úspory bez výroby,150,381.5,49.8,55.0,50.0,0,,,,
2026,Vejprty,S03,Úspory bez výroby,80,213.1,58.8,32.0,25.0,0,,,,
2027,Vejprty,S03,Úspory bez výroby,80,212.0,58.8,32.0,50.0,0,,,,
2028,Vejprty,S03,Úspory bez výroby,80,211.0,58.8,32.0,50.0,0,,,,
2029,Vejprty,S03,Úspory bez výroby,80,209.9,58.8,32.0,50.0,0,,,,
2030,Vejprty,S03,Úspory bez výroby,80,208.8,58.8,32.0,50.0,0,,,,
2031,Vejprty,S03,Úspory bez výroby,80,207.8,58.8,32.0,50.0,0,,,,
2032,Vejprty,S03,Úspory bez výroby,80,206.7,58.8,32.0,50.0,0,,,,
2033,Vejprty,S03,Úspory bez výroby,80,205.6,58.8,32.0,50.0,0,,,,
2034,Vejprty,S03,Úspory bez výroby,80,204.5,58.8,32.0,50.0,0,,,,
2035,Vejprty,S03,Úspory bez výroby,80,203.5,58.8,32.0,50.0,0,,,,
2026,Dolni_Jiretin,S03,Úspory bez výroby,60,159.8,43.8,22.0,25.0,0,,,,
2027,Dolni_Jiretin,S03,Úspory bez výroby,60,159.0,43.8,22.0,50.0,0,,,,
2028,Dolni_Jiretin,S03,Úspory bez výroby,60,158.2,43.8,22.0,50.0,0,,,,
2029,Dolni_Jiretin,S03,Úspory bez výroby,60,157.4,43.8,22.0,50.0,0,,,,
2030,Dolni_Jiretin,S03,Úspory bez výroby,60,156.6,43.8,22.0,50.0,0,,,,
2031,Dolni_Jiretin,S03,Úspory bez výroby,60,155.8,43.8,22.0,50.0,0,,,,
2032,Dolni_Jiretin,S03,Úspory bez výroby,60,155.0,43.8,22.0,50.0,0,,,,
2033,Dolni_Jiretin,S03,Úspory bez výroby,60,154.2,43.8,22.0,50.0,0,,,,
2034,Dolni_Jiretin,S03,Úspory bez výroby,60,153.4,43.8,22.0,50.0,0,,,,
2035,Dolni_Jiretin,S03,Úspory bez výroby,60,152.6,43.8,22.0,50.0,0,,,,
2026,Most,S04,Komunitní FVE + ES + smart metr,450,1432.8,44.2,351.7,17.0,0,,,,
2027,Most,S04,Komunitní FVE + ES + smart metr,450,1425.6,45.1,518.3,33.0,0,,,,
2028,Most,S04,Komunitní FVE + ES + smart metr,450,1418.4,45.9,685.0,50.0,0,,,,
2029,Most,S04,Komunitní FVE + ES + smart metr,450,1411.2,45.9,685.0,50.0,0,,,,
2030,Most,S04,Komunitní FVE + ES + smart metr,450,1404.0,45.9,685.0,50.0,0,,,,
2031,Most,S04,Komunitní FVE + ES + smart metr,450,1396.8,45.9,685.0,50.0,0,,,,
2032,Most,S04,Komunitní FVE + ES + smart metr,450,1389.6,45.9,685.0,50.0,0,,,,
2033,Most,S04,Komunitní FVE + ES + smart metr,450,1382.4,45.9,685.0,50.0,0,,,,
2034,Most,S04,Komunitní FVE + ES + smart metr,450,1375.2,45.9,685.0,50.0,0,,,,
2035,Most,S04,Komunitní FVE + ES + smart metr,450,1368.0,45.9,685.0,50.0,0,,,,
2026,Litomerice,S04,Komunitní FVE + ES + smart metr,280,835.8,56.0,264.7,17.0,0,,,,
2027,Litomerice,S04,Komunitní FVE + ES + smart metr,280,831.6,56.9,431.3,33.0,0,,,,
2028,Litomerice,S04,Komunitní FVE + ES + smart metr,280,827.4,57.7,598.0,50.0,0,,,,
2029,Litomerice,S04,Komunitní FVE + ES + smart metr,280,823.2,57.7,598.0,50.0,0,,,,
2030,Litomerice,S04,Komunitní FVE + ES + smart metr,280,819.0,57.7,598.0,50.0,0,,,,
2031,Litomerice,S04,Komunitní FVE + ES + smart metr,280,814.8,57.7,598.0,50.0,0,,,,
2032,Litomerice,S04,Komunitní FVE + ES + smart metr,280,810.6,57.7,598.0,50.0,0,,,,
2033,Litomerice,S04,Komunitní FVE + ES + smart metr,280,806.4,57.7,598.0,50.0,0,,,,
2034,Litomerice,S04,Komunitní FVE + ES + smart metr,280,802.2,57.7,598.0,50.0,0,,,,
2035,Litomerice,S04,Komunitní FVE + ES + smart metr,280,798.0,57.7,598.0,50.0,0,,,,
2026,Zatec,S04,Komunitní FVE + ES + smart metr,200,597.0,58.6,238.7,17.0,0,,,,
2027,Zatec,S04,Komunitní FVE + ES + smart metr,200,594.0,59.5,405.3,33.0,0,,,,
2028,Zatec,S04,Komunitní FVE + ES + smart metr,200,591.0,60.3,572.0,50.0,0,,,,
2029,Zatec,S04,Komunitní FVE + ES + smart metr,200,588.0,60.3,572.0,50.0,0,,,,
2030,Zatec,S04,Komunitní FVE + ES + smart metr,200,585.0,60.3,572.0,50.0,0,,,,
2031,Zatec,S04,Komunitní FVE + ES + smart metr,200,582.0,60.3,572.0,50.0,0,,,,
2032,Zatec,S04,Komunitní FVE + ES + smart metr,200,579.0,60.3,572.0,50.0,0,,,,
2033,Zatec,S04,Komunitní FVE + ES + smart metr,200,576.0,60.3,572.0,50.0,0,,,,
2034,Zatec,S04,Komunitní FVE + ES + smart metr,200,573.0,60.3,572.0,50.0,0,,,,
2035,Zatec,S04,Komunitní FVE + ES + smart metr,200,570.0,60.3,572.0,50.0,0,,,,
2026,Bilina,S04,Komunitní FVE + ES + smart metr,150,447.8,50.6,221.7,17.0,0,,,,
2027,Bilina,S04,Komunitní FVE + ES + smart metr,150,445.5,51.5,388.3,33.0,0,,,,
2028,Bilina,S04,Komunitní FVE + ES + smart metr,150,443.2,52.3,555.0,50.0,0,,,,
2029,Bilina,S04,Komunitní FVE + ES + smart metr,150,441.0,52.3,555.0,50.0,0,,,,
2030,Bilina,S04,Komunitní FVE + ES + smart metr,150,438.8,52.3,555.0,50.0,0,,,,
2031,Bilina,S04,Komunitní FVE + ES + smart metr,150,436.5,52.3,555.0,50.0,0,,,,
2032,Bilina,S04,Komunitní FVE + ES + smart metr,150,434.2,52.3,555.0,50.0,0,,,,
2033,Bilina,S04,Komunitní FVE + ES + smart metr,150,432.0,52.3,555.0,50.0,0,,,,
2034,Bilina,S04,Komunitní FVE + ES + smart metr,150,429.8,52.3,555.0,50.0,0,,,,
2035,Bilina,S04,Komunitní FVE + ES + smart metr,150,427.5,52.3,555.0,50.0,0,,,,
2026,Vejprty,S04,Komunitní FVE + ES + smart metr,80,238.8,59.6,198.7,17.0,0,,,,
2027,Vejprty,S04,Komunitní FVE + ES + smart metr,80,237.6,60.5,365.3,33.0,0,,,,
2028,Vejprty,S04,Komunitní FVE + ES + smart metr,80,236.4,61.3,532.0,50.0,0,,,,
2029,Vejprty,S04,Komunitní FVE + ES + smart metr,80,235.2,61.3,532.0,50.0,0,,,,
2030,Vejprty,S04,Komunitní FVE + ES + smart metr,80,234.0,61.3,532.0,50.0,0,,,,
2031,Vejprty,S04,Komunitní FVE + ES + smart metr,80,232.8,61.3,532.0,50.0,0,,,,
2032,Vejprty,S04,Komunitní FVE + ES + smart metr,80,231.6,61.3,532.0,50.0,0,,,,
2033,Vejprty,S04,Komunitní FVE + ES + smart metr,80,230.4,61.3,532.0,50.0,0,,,,
2034,Vejprty,S04,Komunitní FVE + ES + smart metr,80,229.2,61.3,532.0,50.0,0,,,,
2035,Vejprty,S04,Komunitní FVE + ES + smart metr,80,228.0,61.3,532.0,50.0,0,,,,
2026,Dolni_Jiretin,S04,Komunitní FVE + ES + smart metr,60,179.1,44.6,188.7,17.0,0,,,,
2027,Dolni_Jiretin,S04,Komunitní FVE + ES + smart metr,60,178.2,45.5,355.3,33.0,0,,,,
2028,Dolni_Jiretin,S04,Komunitní FVE + ES + smart metr,60,177.3,46.3,522.0,50.0,0,,,,
2029,Dolni_Jiretin,S04,Komunitní FVE + ES + smart metr,60,176.4,46.3,522.0,50.0,0,,,,
2030,Dolni_Jiretin,S04,Komunitní FVE + ES + smart metr,60,175.5,46.3,522.0,50.0,0,,,,
2031,Dolni_Jiretin,S04,Komunitní FVE + ES + smart metr,60,174.6,46.3,522.0,50.0,0,,,,
2032,Dolni_Jiretin,S04,Komunitní FVE + ES + smart metr,60,173.7,46.3,522.0,50.0,0,,,,
2033,Dolni_Jiretin,S04,Komunitní FVE + ES + smart metr,60,172.8,46.3,522.0,50.0,0,,,,
2034,Dolni_Jiretin,S04,Komunitní FVE + ES + smart metr,60,171.9,46.3,522.0,50.0,0,,,,
2035,Dolni_Jiretin,S04,Komunitní FVE + ES + smart metr,60,171.0,46.3,522.0,50.0,0,,,,
2026,Most,S05,Velká FVE + velká baterie + úspory,450,1239.1,44.2,351.7,667.0,0,,,,
2027,Most,S05,Velká FVE + velká baterie + úspory,450,1232.9,45.1,518.3,1333.0,0,,,,
2028,Most,S05,Velká FVE + velká baterie + úspory,450,1226.6,45.9,685.0,2000.0,0,,,,
2029,Most,S05,Velká FVE + velká baterie + úspory,450,1220.4,45.9,685.0,2000.0,0,,,,
2030,Most,S05,Velká FVE + velká baterie + úspory,450,1214.2,45.9,685.0,2000.0,0,,,,
2031,Most,S05,Velká FVE + velká baterie + úspory,450,1208.0,45.9,685.0,2000.0,0,,,,
2032,Most,S05,Velká FVE + velká baterie + úspory,450,1201.7,45.9,685.0,2000.0,0,,,,
2033,Most,S05,Velká FVE + velká baterie + úspory,450,1195.5,45.9,685.0,2000.0,0,,,,
2034,Most,S05,Velká FVE + velká baterie + úspory,450,1189.3,45.9,685.0,2000.0,0,,,,
2035,Most,S05,Velká FVE + velká baterie + úspory,450,1183.0,45.9,685.0,2000.0,0,,,,
2026,Litomerice,S05,Velká FVE + velká baterie + úspory,280,722.8,56.0,264.7,667.0,0,,,,
2027,Litomerice,S05,Velká FVE + velká baterie + úspory,280,719.2,56.9,431.3,1333.0,0,,,,
2028,Litomerice,S05,Velká FVE + velká baterie + úspory,280,715.5,57.7,598.0,2000.0,0,,,,
2029,Litomerice,S05,Velká FVE + velká baterie + úspory,280,711.9,57.7,598.0,2000.0,0,,,,
2030,Litomerice,S05,Velká FVE + velká baterie + úspory,280,708.3,57.7,598.0,2000.0,0,,,,
2031,Litomerice,S05,Velká FVE + velká baterie + úspory,280,704.6,57.7,598.0,2000.0,0,,,,
2032,Litomerice,S05,Velká FVE + velká baterie + úspory,280,701.0,57.7,598.0,2000.0,0,,,,
2033,Litomerice,S05,Velká FVE + velká baterie + úspory,280,697.4,57.7,598.0,2000.0,0,,,,
2034,Litomerice,S05,Velká FVE + velká baterie + úspory,280,693.7,57.7,598.0,2000.0,0,,,,
2035,Litomerice,S05,Velká FVE + velká baterie + úspory,280,690.1,57.7,598.0,2000.0,0,,,,
2026,Zatec,S05,Velká FVE + velká baterie + úspory,200,516.3,58.6,238.7,667.0,0,,,,
2027,Zatec,S05,Velká FVE + velká baterie + úspory,200,513.7,59.5,405.3,1333.0,0,,,,
2028,Zatec,S05,Velká FVE + velká baterie + úspory,200,511.1,60.3,572.0,2000.0,0,,,,
2029,Zatec,S05,Velká FVE + velká baterie + úspory,200,508.5,60.3,572.0,2000.0,0,,,,
2030,Zatec,S05,Velká FVE + velká baterie + úspory,200,505.9,60.3,572.0,2000.0,0,,,,
2031,Zatec,S05,Velká FVE + velká baterie + úspory,200,503.3,60.3,572.0,2000.0,0,,,,
2032,Zatec,S05,Velká FVE + velká baterie + úspory,200,500.7,60.3,572.0,2000.0,0,,,,
2033,Zatec,S05,Velká FVE + velká baterie + úspory,200,498.1,60.3,572.0,2000.0,0,,,,
2034,Zatec,S05,Velká FVE + velká baterie + úspory,200,495.5,60.3,572.0,2000.0,0,,,,
2035,Zatec,S05,Velká FVE + velká baterie + úspory,200,492.9,60.3,572.0,2000.0,0,,,,
2026,Bilina,S05,Velká FVE + velká baterie + úspory,150,387.2,50.6,221.7,667.0,0,,,,
2027,Bilina,S05,Velká FVE + velká baterie + úspory,150,385.3,51.5,388.3,1333.0,0,,,,
2028,Bilina,S05,Velká FVE + velká baterie + úspory,150,383.3,52.3,555.0,2000.0,0,,,,
2029,Bilina,S05,Velká FVE + velká baterie + úspory,150,381.4,52.3,555.0,2000.0,0,,,,
2030,Bilina,S05,Velká FVE + velká baterie + úspory,150,379.4,52.3,555.0,2000.0,0,,,,
2031,Bilina,S05,Velká FVE + velká baterie + úspory,150,377.5,52.3,555.0,2000.0,0,,,,
2032,Bilina,S05,Velká FVE + velká baterie + úspory,150,375.5,52.3,555.0,2000.0,0,,,,
2033,Bilina,S05,Velká FVE + velká baterie + úspory,150,373.6,52.3,555.0,2000.0,0,,,,
2034,Bilina,S05,Velká FVE + velká baterie + úspory,150,371.6,52.3,555.0,2000.0,0,,,,
2035,Bilina,S05,Velká FVE + velká baterie + úspory,150,369.7,52.3,555.0,2000.0,0,,,,
2026,Vejprty,S05,Velká FVE + velká baterie + úspory,80,206.5,59.6,198.7,667.0,0,,,,
2027,Vejprty,S05,Velká FVE + velká baterie + úspory,80,205.5,60.5,365.3,1333.0,0,,,,
2028,Vejprty,S05,Velká FVE + velká baterie + úspory,80,204.4,61.3,532.0,2000.0,0,,,,
2029,Vejprty,S05,Velká FVE + velká baterie + úspory,80,203.4,61.3,532.0,2000.0,0,,,,
2030,Vejprty,S05,Velká FVE + velká baterie + úspory,80,202.4,61.3,532.0,2000.0,0,,,,
2031,Vejprty,S05,Velká FVE + velká baterie + úspory,80,201.3,61.3,532.0,2000.0,0,,,,
2032,Vejprty,S05,Velká FVE + velká baterie + úspory,80,200.3,61.3,532.0,2000.0,0,,,,
2033,Vejprty,S05,Velká FVE + velká baterie + úspory,80,199.2,61.3,532.0,2000.0,0,,,,
2034,Vejprty,S05,Velká FVE + velká baterie + úspory,80,198.2,61.3,532.0,2000.0,0,,,,
2035,Vejprty,S05,Velká FVE + velká baterie + úspory,80,197.2,61.3,532.0,2000.0,0,,,,
2026,Dolni_Jiretin,S05,Velká FVE + velká baterie + úspory,60,154.9,44.6,188.7,667.0,0,,,,
2027,Dolni_Jiretin,S05,Velká FVE + velká baterie + úspory,60,154.1,45.5,355.3,1333.0,0,,,,
2028,Dolni_Jiretin,S05,Velká FVE + velká baterie + úspory,60,153.3,46.3,522.0,2000.0,0,,,,
2029,Dolni_Jiretin,S05,Velká FVE + velká baterie + úspory,60,152.6,46.3,522.0,2000.0,0,,,,
2030,Dolni_Jiretin,S05,Velká FVE + velká baterie + úspory,60,151.8,46.3,522.0,2000.0,0,,,,
2031,Dolni_Jiretin,S05,Velká FVE + velká baterie + úspory,60,151.0,46.3,522.0,2000.0,0,,,,
2032,Dolni_Jiretin,S05,Velká FVE + velká baterie + úspory,60,150.2,46.3,522.0,2000.0,0,,,,
2033,Dolni_Jiretin,S05,Velká FVE + velká baterie + úspory,60,149.4,46.3,522.0,2000.0,0,,,,
2034,Dolni_Jiretin,S05,Velká FVE + velká baterie + úspory,60,148.7,46.3,522.0,2000.0,0,,,,
2035,Dolni_Jiretin,S05,Velká FVE + velká baterie + úspory,60,147.9,46.3,522.0,2000.0,0,,,,
2026,Most,S06,Vodíková vize 2035,450,1318.2,43.8,310.0,31.0,0,,,,
2027,Most,S06,Vodíková vize 2035,450,1311.6,44.1,435.0,62.0,0,,,,
2028,Most,S06,Vodíková vize 2035,450,1304.9,44.5,560.0,94.0,0,,,,
2029,Most,S06,Vodíková vize 2035,450,1298.3,44.9,685.0,125.0,0,,,,
2030,Most,S06,Vodíková vize 2035,450,1291.7,45.3,810.0,156.0,0,,,,
2031,Most,S06,Vodíková vize 2035,450,1285.1,45.6,935.0,188.0,0,,,,
2032,Most,S06,Vodíková vize 2035,450,1278.4,46.0,1060.0,219.0,0,,,,
2033,Most,S06,Vodíková vize 2035,450,1271.8,46.4,1185.0,250.0,1,,,,
2034,Most,S06,Vodíková vize 2035,450,1265.2,46.4,1185.0,250.0,1,,,,
2035,Most,S06,Vodíková vize 2035,450,1258.6,46.4,1185.0,250.0,1,,,,
2026,Litomerice,S06,Vodíková vize 2035,280,768.9,55.6,223.0,31.0,0,,,,
2027,Litomerice,S06,Vodíková vize 2035,280,765.1,56.0,348.0,62.0,0,,,,
2028,Litomerice,S06,Vodíková vize 2035,280,761.2,56.3,473.0,94.0,0,,,,
2029,Litomerice,S06,Vodíková vize 2035,280,757.3,56.7,598.0,125.0,0,,,,
2030,Litomerice,S06,Vodíková vize 2035,280,753.5,57.1,723.0,156.0,0,,,,
2031,Litomerice,S06,Vodíková vize 2035,280,749.6,57.5,848.0,188.0,0,,,,
2032,Litomerice,S06,Vodíková vize 2035,280,745.8,57.8,973.0,219.0,0,,,,
2033,Litomerice,S06,Vodíková vize 2035,280,741.9,58.2,1098.0,250.0,1,,,,
2034,Litomerice,S06,Vodíková vize 2035,280,738.0,58.2,1098.0,250.0,1,,,,
2035,Litomerice,S06,Vodíková vize 2035,280,734.2,58.2,1098.0,250.0,1,,,,
2026,Zatec,S06,Vodíková vize 2035,200,549.2,58.2,197.0,31.0,0,,,,
2027,Zatec,S06,Vodíková vize 2035,200,546.5,58.5,322.0,62.0,0,,,,
2028,Zatec,S06,Vodíková vize 2035,200,543.7,58.9,447.0,94.0,0,,,,
2029,Zatec,S06,Vodíková vize 2035,200,541.0,59.3,572.0,125.0,0,,,,
2030,Zatec,S06,Vodíková vize 2035,200,538.2,59.7,697.0,156.0,0,,,,
2031,Zatec,S06,Vodíková vize 2035,200,535.4,60.0,822.0,188.0,0,,,,
2032,Zatec,S06,Vodíková vize 2035,200,532.7,60.4,947.0,219.0,0,,,,
2033,Zatec,S06,Vodíková vize 2035,200,529.9,60.8,1072.0,250.0,1,,,,
2034,Zatec,S06,Vodíková vize 2035,200,527.2,60.8,1072.0,250.0,1,,,,
2035,Zatec,S06,Vodíková vize 2035,200,524.4,60.8,1072.0,250.0,1,,,,
2026,Bilina,S06,Vodíková vize 2035,150,411.9,50.2,180.0,31.0,0,,,,
2027,Bilina,S06,Vodíková vize 2035,150,409.9,50.5,305.0,62.0,0,,,,
2028,Bilina,S06,Vodíková vize 2035,150,407.8,50.9,430.0,94.0,0,,,,
2029,Bilina,S06,Vodíková vize 2035,150,405.7,51.3,555.0,125.0,0,,,,
2030,Bilina,S06,Vodíková vize 2035,150,403.6,51.7,680.0,156.0,0,,,,
2031,Bilina,S06,Vodíková vize 2035,150,401.6,52.0,805.0,188.0,0,,,,
2032,Bilina,S06,Vodíková vize 2035,150,399.5,52.4,930.0,219.0,0,,,,
2033,Bilina,S06,Vodíková vize 2035,150,397.4,52.8,1055.0,250.0,1,,,,
2034,Bilina,S06,Vodíková vize 2035,150,395.4,52.8,1055.0,250.0,1,,,,
2035,Bilina,S06,Vodíková vize 2035,150,393.3,52.8,1055.0,250.0,1,,,,
2026,Vejprty,S06,Vodíková vize 2035,80,219.7,59.2,157.0,31.0,0,,,,
2027,Vejprty,S06,Vodíková vize 2035,80,218.6,59.5,282.0,62.0,0,,,,
2028,Vejprty,S06,Vodíková vize 2035,80,217.5,59.9,407.0,94.0,0,,,,
2029,Vejprty,S06,Vodíková vize 2035,80,216.4,60.3,532.0,125.0,0,,,,
2030,Vejprty,S06,Vodíková vize 2035,80,215.3,60.7,657.0,156.0,0,,,,
2031,Vejprty,S06,Vodíková vize 2035,80,214.2,61.0,782.0,188.0,0,,,,
2032,Vejprty,S06,Vodíková vize 2035,80,213.1,61.4,907.0,219.0,0,,,,
2033,Vejprty,S06,Vodíková vize 2035,80,212.0,61.8,1032.0,250.0,1,,,,
2034,Vejprty,S06,Vodíková vize 2035,80,210.9,61.8,1032.0,250.0,1,,,,
2035,Vejprty,S06,Vodíková vize 2035,80,209.8,61.8,1032.0,250.0,1,,,,
2026,Dolni_Jiretin,S06,Vodíková vize 2035,60,164.8,44.2,147.0,31.0,0,,,,
2027,Dolni_Jiretin,S06,Vodíková vize 2035,60,163.9,44.5,272.0,62.0,0,,,,
2028,Dolni_Jiretin,S06,Vodíková vize 2035,60,163.1,44.9,397.0,94.0,0,,,,
2029,Dolni_Jiretin,S06,Vodíková vize 2035,60,162.3,45.3,522.0,125.0,0,,,,
2030,Dolni_Jiretin,S06,Vodíková vize 2035,60,161.5,45.7,647.0,156.0,0,,,,
2031,Dolni_Jiretin,S06,Vodíková vize 2035,60,160.6,46.0,772.0,188.0,0,,,,
2032,Dolni_Jiretin,S06,Vodíková vize 2035,60,159.8,46.4,897.0,219.0,0,,,,
2033,Dolni_Jiretin,S06,Vodíková vize 2035,60,159.0,46.8,1022.0,250.0,1,,,,
2034,Dolni_Jiretin,S06,Vodíková vize 2035,60,158.1,46.8,1022.0,250.0,1,,,,
2035,Dolni_Jiretin,S06,Vodíková vize 2035,60,157.3,46.8,1022.0,250.0,1,,,,
